-- phpMyAdmin SQL Dump
-- version 5.0.4
-- https://www.phpmyadmin.net/
--
-- Host: 127.0.0.1
-- Generation Time: Jul 19, 2021 at 12:19 PM
-- Server version: 10.4.17-MariaDB
-- PHP Version: 8.0.2

SET SQL_MODE = "NO_AUTO_VALUE_ON_ZERO";
START TRANSACTION;
SET time_zone = "+00:00";


/*!40101 SET @OLD_CHARACTER_SET_CLIENT=@@CHARACTER_SET_CLIENT */;
/*!40101 SET @OLD_CHARACTER_SET_RESULTS=@@CHARACTER_SET_RESULTS */;
/*!40101 SET @OLD_COLLATION_CONNECTION=@@COLLATION_CONNECTION */;
/*!40101 SET NAMES utf8mb4 */;

--
-- Database: `employee_payroll`
--

-- --------------------------------------------------------

--
-- Table structure for table `allowance`
--

CREATE TABLE `allowance` (
  `emp_id` int(10) UNSIGNED NOT NULL,
  `f_name` varchar(15) NOT NULL,
  `l_name` varchar(15) NOT NULL,
  `salary` int(8) UNSIGNED NOT NULL,
  `medical` int(8) UNSIGNED NOT NULL,
  `bonus` int(8) UNSIGNED NOT NULL,
  `other` int(8) UNSIGNED NOT NULL,
  `overtime` int(8) UNSIGNED NOT NULL,
  `rate` int(8) UNSIGNED NOT NULL,
  `total_allowance` int(8) UNSIGNED NOT NULL
) ENGINE=InnoDB DEFAULT CHARSET=latin1;

--
-- Dumping data for table `allowance`
--

INSERT INTO `allowance` (`emp_id`, `f_name`, `l_name`, `salary`, `medical`, `bonus`, `other`, `overtime`, `rate`, `total_allowance`) VALUES
(1, 'amit', 'talekar', 33000, 0, 0, 0, 5, 165, 1238),
(2, 'abhijeet', 'sawant', 24000, 250, 0, 0, 4, 120, 970),
(3, 'Ravi', 'Nirati', 93750, 250, 1500, 0, 5, 150, 2500),
(4, 'Aakash', 'Ghaghada', 18000, 780, 3500, 0, 4, 150, 4880),
(5, 'Mihir', 'darji', 18000, 750, 1500, 0, 4, 150, 2850);

-- --------------------------------------------------------

--
-- Table structure for table `attendance`
--

CREATE TABLE `attendance` (
  `emp_id` int(10) NOT NULL,
  `f_name` varchar(15) NOT NULL,
  `l_name` varchar(15) NOT NULL,
  `dept` varchar(15) NOT NULL,
  `designation` varchar(15) NOT NULL,
  `firsthalf` varchar(10) NOT NULL,
  `secondhalf` varchar(10) NOT NULL
) ENGINE=InnoDB DEFAULT CHARSET=utf8mb4;

--
-- Dumping data for table `attendance`
--

INSERT INTO `attendance` (`emp_id`, `f_name`, `l_name`, `dept`, `designation`, `firsthalf`, `secondhalf`) VALUES
(1, 'amit', 'talekaar', 'sales', 'manager', 'Present', 'Present'),
(1, 'amit', 'talekaar', 'sales', 'manager', 'Present', 'Absent'),
(3, 'Ravi', 'Teja', 'IT', 'Manager', 'Present', 'Present'),
(4, 'Aakash', 'Ghaghada', 'Audit', 'supervisor', 'Present', 'Leave'),
(4, 'Aakash', 'Ghaghada', 'Audit', 'supervisor', 'Present', 'Leave'),
(5, 'Mihir', 'darji', 'sales', 'supervisor', 'Present', 'Leave');

-- --------------------------------------------------------

--
-- Table structure for table `deduction`
--

CREATE TABLE `deduction` (
  `emp_id` int(10) NOT NULL,
  `f_name` varchar(25) NOT NULL,
  `l_name` varchar(25) NOT NULL,
  `salary` int(10) UNSIGNED NOT NULL,
  `deduct_amount` int(10) UNSIGNED NOT NULL,
  `deduct_reason` varchar(45) NOT NULL
) ENGINE=InnoDB DEFAULT CHARSET=latin1;

--
-- Dumping data for table `deduction`
--

INSERT INTO `deduction` (`emp_id`, `f_name`, `l_name`, `salary`, `deduct_amount`, `deduct_reason`) VALUES
(1, 'amit', 'talekaar', 444600, 1200, ''),
(1, 'amit', 'talekaar', 444600, 1000, 'leave'),
(3, 'Ravi', 'Teja', 93750, 15000, 'Leave without informing'),
(4, 'Aakash', 'Ghaghada', 20800, 1500, 'Leave'),
(5, 'Mihir', 'darji', 19800, 1500, 'Leave');

-- --------------------------------------------------------

--
-- Table structure for table `employee`
--

CREATE TABLE `employee` (
  `emp_id` int(10) UNSIGNED NOT NULL,
  `f_name` varchar(15) NOT NULL,
  `l_name` varchar(15) NOT NULL,
  `gender` varchar(10) NOT NULL,
  `dob` date DEFAULT NULL,
  `email` varchar(20) NOT NULL,
  `contact` int(11) UNSIGNED NOT NULL,
  `p_add` varchar(30) NOT NULL,
  `per_add` varchar(45) NOT NULL,
  `house` varchar(10) NOT NULL,
  `pcode` int(5) UNSIGNED NOT NULL,
  `dept` varchar(15) NOT NULL,
  `designation` varchar(15) NOT NULL,
  `date_hire` date NOT NULL,
  `salary` int(8) UNSIGNED NOT NULL,
  `job_t` varchar(15) NOT NULL,
  `status` varchar(15) NOT NULL,
  `image` blob NOT NULL
) ENGINE=InnoDB DEFAULT CHARSET=latin1;

--
-- Dumping data for table `employee`
--

INSERT INTO `employee` (`emp_id`, `f_name`, `l_name`, `gender`, `dob`, `email`, `contact`, `p_add`, `per_add`, `house`, `pcode`, `dept`, `designation`, `date_hire`, `salary`, `job_t`, `status`, `image`) VALUES
(1, 'amit', 'talekaar', 'male', '1990-12-10', 'amit@gmail.com', 902964487, 'payal', 'bhayander', '201', 401105, 'sales', 'manager', '2020-12-10', 444600, 'invoice', 'present', 0x3132),
(3, 'Ravi', 'Nirati', 'Male', '1998-10-21', 'niratirocks@gmail.co', 4294967295, 'Earth residency', 'Dahisar East', '701', 400068, 'IT', 'Manager', '2020-10-10', 93750, 'Manager', 'married', 0xffd8ffe000104a46494600010100000100010000ffdb0084000a0708120f1112111011121011101212121210111211100f1118181a191918141a181c212e251c1e2b1f19182638262b30313537351a243b403d333f2e343531010c0c0c100f101e12121e342425243434343434343434343434343434343434343434343434343434343434343434343434343434343434343434343434343434ffc000110800e100e103012200021101031101ffc4001b00010003010101010000000000000000000001050604030207ffc4003e100002010202060706030607010000000000010203110412052131415171061322618191b1325272a1c1d1426292072333a2b2e11415435382c2f0f1ffc4001a010100020301000000000000000000000000020401030506ffc4002e11000201030203070402030000000000000001020304112131122251132332416181d11442719105f0a1b1c1ffda000c03010002110311003f00fd94000004900004900000000124000000000000000000000000000000124000000004800800000900020124000120020000007cca492bb764b7ee2bf11a5e9c3547b6fbb547cf7928c652d122329c63ac9e0b23e673515793515ded23375b4a5597e2c8b84757cf69c72936eedddf16eecdf1b67e6cab2bc5f6ac9a79e90a31db513e5797a1e5fe6d47de97e9919d06cfa689adddcfa2345fe6f47de97e991e91d25465b2a25cd38faa33207d344c7d5cfd0d7c2ac65ecc94b9599f66353b6b5a9f1de7551d23561b25997097697dcd6ed9f9336c6f17dc8d402ab0fa6212d534e0f8aed47ee8b384d495d34d3de9dd1a25094774598548cfc2cfa00112601200201200201240001200000008241001201001270e3748428eaf6a5eeafabdc73692d2596f0a6fb5b1cf747b971651b77d6f5b7b5bdacb14a8716b22a57b9e1e58ee7be2b173aafb6f56e8ad515f73c002e2492c22836dbcb00032600078cb154e3aa5382ee728dcc3696e6526f63d81e10c65396ca94dff00ce27b2d7b3584d3d834d6fa12089492576d24b6b7a9239f078c856cf93f04b2f356d52e5b7c8c3924f06545b4dad91d27ae1f113a6ef095b8adcf9a3c8832d27a3309b5aa34581d251a968cbb33e1f865c9fd0b131a5b68dd296b42a3bad8a6f7773fb952ad0c6b12f51b9cf2cff0065e82092b17000000010012080012400012080002a74ae90cb7841f6bf1497e1ee5de74e92c5f530d5ed4b547eafc0cd377d6f5b7adbe258a14b8b99952e6b70f2c770002e9cf000001c98fc6c6842ef5c9ea8c37cbfb1d65462e11ab26e5152dcb8a5ccaf7159d38e9bb2dd9dbf6d3d765bfc14b8ac754acfb527977416a82f0dfe27316f3d1b4deccd1e4efea78cf46c57e3b734bee7264dc9e5ea77e3151588ac22b89854947d9938f26d7a1d1530f087fab17dca2dbf933999132f5dc995594bda937f136fd4b1d015b2d6cbbaa45af15ad7d7ccad3db053cb5212e1523ea8d94e5c3352f5355682952947d19b4001dc3cc800005ae89d2196d4e6f53d5093ddddc8bd31a5fe88c67591c927db82dbef2e254af4b1cc8bd6d5b3c92f6f82cc920154ba4804004820000124000f9934936f525adb3e8add3788cb4f2adb3d5e0b6928c5c9a488ce4a317265363710eacdcb76c8ae08f0041d249258471db6de5920824c98008001cfa42a64a5525c20ede3abea63b35b7dbc4d3748ddb0956dc23fd512a7a2f80eb53ad57b518cad4e2ed95b5b64f8d9d8e5dfcb1259e876ff008c8f772c75ff00873e370d528c29d4a99b24d5dbd7d87b94b86ab1cd19296b4d3f99b8af08ce2e33b5a5aacedafcccc63fa3766e54a4e1ddadc3cf6a39eaa2f33a8e1d0af07dc743e2766785b8ddbfa1d74fa3d526bb55659b8452497cc939c7a98e16709f54576e3f147d5118ed1b5b0bda6f3d35b78aef3df4547acab4edad3929796b7e84e1ccd60d751f045b7e499b2641241df3ca920800127dd0aae138ca3b62efcf8a3e0186b2653c3ca35d46a29c5496c924cf429741623daa6f776a3cb7af4f32e8e6ce3c3268eb529f1c1489200226c00000000006674b56cd565c21d95e1b7e773475279536f64537e464252bb6ded6eefc4b36d1d5b29de4b451ea082482e14090412010490480557486a47fc3d48ef70bf2b34fe84606ad2c36160aad48525955e529460eef6dafbee72e9ca79a52bf2b735a99c8f43d3a7a43098cbca52af2a94e51965942328d296471d575ecb3817155d5aad4bcb3fe0f4d6b4551a1171d78b0dfb9dd3c4e027adc653fcea962a57ff928eb3b747e3b0adf5542a414f5beade684df1796766ce7e98e22ad3c0d79d194a335182cd16d4a31728a9c93ddd96f59471a72c6e8cc0d3aee52ab5ab538c2a3fe2a84672729a96dbf57196bdf7ef352595937b6d3c1a5d298bc3d3518576af52f929c6339d49db6b8c209c9f823869d5c2475c70d89e7fe171575caeae8e2c168a868ec4558e1f3b75f073951cef3b53a6db9414bbf341dbb9f03e3f6738bad5b0d51d69cea65acd42751b72778c5cd5dee52f2bb4630945b4389b7865dd0d2187c45e8f58f3b8bfddd684e9556b65d4669396dda54f46f0ea9d6ab196da739d38f3bfd97ccf4e9468ba78fc46130d52528a51af5a52865cea31eae295da76bca48fba74142bcf2df554e77bbd5afff006c254ea7672525e9fecc54a7dac2507a68f53424120f4679320900000000f6c156c95212dca493e4f533588c69aac0d4cf4e12dee2afcd6a654b95b32f59cb78fb9d0002a974000000000e4d272cb466fbade6d233068b4d3fdccbbe51f54674bb6de1673eedf3afc000160a800000209001cb8bc1aabbecf7f067857c1ac452eaf3ba73854528548eb94271778cadbd6d4d6f4da2c4e66f24eff865f27ffbd4e55fd051ef62b5cea767f8db9727d8cde98d3fbf839554c6a4e32a186a9aad9e35e74e32e70941db95d9e51a15635157add5ba8a2e14a9d3727430f176cd66d2739bb257b2d4acadaef7078ac4c3649e47eed4b45f85f53f0b9cccf43b18ea7155a4f1515193c93a7253a55a0bb509ad57caefa9a6d357b34dec3ea0b1b15954708ff3aeba09be39127fd475bc4535aa2d49fbb4ed39792d9e27baf2eee032fcc3499c180c04a15275aacfadad523183928e48538475a8423776576db6db6df81f74f06a339546eedc9cadbafc4ec20e858d0551ba9359c6c72bf91b89534a9c1e32b5fc0001d838600000209001068b41cef4adeeca4bebf533c5e6807d89afcff4468b8f0166d5f785b12412513a4402400400003834d2fdcbf8a3ea670d3e948de8cfb927e4d33305db6f09cebbf1fb000160aa0000000000f8a9052567ff00c3ec18694961ecc9464e2d4968d1cd4aab83c93f096e3de71cc9a4ed7d8eca4bc9ed39f484b2d29cad7692b6fde8adc3694cba9eaeedb1fba3cfdd505467c29e51e9acee1dc53e26b0d685cd1a6e2ad26a4fba2a0bc8fb6ec5554d3092ecc6efc6c7be8cc43ab094a5ed2935c9593488dbd2ed6a28e704aeab3a149cf193b8007a1841422a31d91e627394e4e52d5b0002440000000000179a017627f1af44519a1d070b526fde9c9fa2fa1a2e3c058b55de16200289d300000904000f8ab0cd19478a6bccc85ada9ed5a99b232fa4e8e4ab25ba4f32f1fef72cdb3d5a29de474523945802e140000002c0e2c4e92a74ddbdb9708dacb9b30de0ca593b4f99cd455e4d45716d245156d2d525ecda0bbb5cbcd9c339ca6ef29393e2db641cd1354df99b2a184589a12a94de6929b496c8c92da9779415f47c5b7a9c1ef4bec6bfa314b261297e6529fea937e963c3a4b3c351a33c45653fdda4dba51cd51eb495d6cdfb5ec38b719a951b3bb675152828990ff2dfcffcbfdcd0747b43bb4e5272c92d8ec93935c3b8aee87696c263e738b8558ce9f6b24d47aa716ed179a3bfb9f7ed379149256b596cb6c35c233a53cecd1b6e2ac6a438374cc9427196b8b52e4ee7d99bc7c5d2af56316e2e3526ae9b4fda763d28e95a91f6ad35f9b6f9a3bd19a68f3ce9b46801c187d2909bb4af07df6cbe677934f26b69adc000c98000001a8d1d4f2d282df9537cdebfa99bc352cf3843de92bf2dff00235c55b97b22ed9c7797b00482a178804800800000aad3987cd0535b61a9f27fdfd4b53e270524e2f5a6acd1284b864990a90e38b899007ae2683a73941eed8f8adccf23a49e5651c86b0f0c000c9829f4ae39a6e9c1dadedc96df851527ae2ddea547f9e5ea7239f6d47b99a1bcb2c45611ec01e3899e5849f75bccc122d3a31a5ebcf110a52ab374b2545185f546caebd0d1e9ba918613133924e31a155b4d5d3ec3d4cc2f47ea64c5d17c6797f5271fa9a8e9dd7eaf47625fbf18d3fd738c7d1b39f711ef163cf05db7798145fb28a89d1c4c5db3c6a41b95bb4e2e164bce32f334fd25c7d4c3e1b3529ca13738454a2f5ef6fd0c3fecaabdb118887bf4a334be095bfee69fa7152d4e943de9ca5fa55bfec478735d13a8f14d94b1af2abdb9c9ca73d7293dadef67d1c7819ea71e0efe6761d239e0b1d178e709284dde12764ded8bdde0544a769a5b9a67b27f2329e3530d67435c084c937958007d53839c9462aee4d2460c96ba0a85dcaa3d8bb31e7bd97678e1a8aa708c17e15b78bdecf639d527c726ceb5287041449040206c24100004900000000aed2d83eb239a2bb70d9deb7a33c6c8a3d2fa3ed7a905a9eb9c56efcc8b342a639594ee68e79d7b952002e140cae27f893f8e5eace1cdfbcf1b7c8edc4fb73f8e5eacad72eddff37d4aecb48ef39b19094a29455eceef89d2002a684dc2709ec709c65fa5a7f4347fb4fae96069c57fa95e9f9463297d8a4d216ecadfaf5ef3e3a7b8deb309a395f5c95494b9c1460fe6df995abc7328b2d5bbdd15ff00b39ab9349535fee53ab4fe4a4bfa0d674daadeb5387b94dbf193fb45183e87d5c9a4708f8d551fd49c7ea6bf4c575571b51bb38a9756afad7615bd532308f7d9f4275df21c5818cb35edd969abee3bc02d948e3ad2edaeeca761c15df6df33b8035b0d8b9224886c5c91f46f2b02ef4360f2aeb24b5c9765705c7c4e4d1780eb1e69aec27fadf0e468915abd4fb57b972da8fdf2f6f90002a1780000000009209200000000048051691d1ae379d3578ed705b577aee2a4d91598ed1919de50b427f27f665aa55f1a48a55adb3cd0fd7c1f9b62bf893f8e5eaca996d7cd97da570b529559c670942f2938dd6a92bed4f79432daf9b266b4582773e8f3a4ef18f23d0039f13433eb5ed25e0fb8cd748e7371a3197b34fac4b8a73716d7f29ad3874a60238884a3b25f865c1ad972325944e9cb865931da26a386228ce2aee9d5a734be19297d0d8e1a8b94b3cded79bbe4f6dcacd03a1e5093a95a3692bc610dbce5f63426211c6ac9d69e5e1000f993b26f8264cd257c9ddb7decb18ec45616f85a13ab28c21194e4edd98a6df3ee40cb3551d8b9163a3b473a9694aea1e4e7fd8ebc0e8951b4aada4f7436c573e25bd8855afe51fd92a36df74ff5f27cc2292492492d492d88fa04954bc4000000000904000904000904000904000904000f0c561615a2e152119c5ee924fc570663b4a741536e785a995bd7d5d5bb8f2524aebc53370092935b1194232dcfca2b689c46195aad29c52bf692cf0fd4b51ca7ec2706274461aaeb9d1836ff00128a8cbcd6b362add51a5d0e8cfcb81fa055e88e165b3ac87c33bff52672be8552dd5aaae6a0fe84fb589afb1998906da3d0aa5beb547c9417d0e8a5d0fc2c7da7567f14d25fca90ed623b199813de868ead884d51a739dd6d516a1fa9ea3f47c3e83c2d2d70a14eebf14967979cae582496a5a9705b08badd11356fd5982d19d049cad2c554505fedd279a5c9c9ab2f04f99b4c0e8fa5878e5a50505bda5da7deded6758353937b9be3051d812402248904000904000904000904000900000020024000000000000000000824000000000000000000000000000000000000000800004800000004000024000000000000000004000004800000000000000000000000007fffd9),
(4, 'Aakash', 'Ghaghada', 'Male', '1998-04-02', 'aakashghaghada@gmail', 4294967295, 'Payal apt', 'Bhayander', '201', 401105, 'Audit', 'supervisor', '2019-10-01', 20800, 'Internal audit', 'single', 0x89504e470d0a1a0a0000000d49484452000000c8000000c80806000000ad58ae9e00000006624b474400ff00ff00ffa0bda7930000200049444154789ced9d77781ce5b5ff3fef6c55594956b164696549ee58aeb8176c0b8c31867009dda1261048486eca057e8184104872132e69a44268099040c0105a4c73910db6b1b1dc2df7225bd2aa5bbd6c99797f7facdcb0ba766777e5f93c8f9ec79edd99737677bef3b6f39e0306060606060606060606060606060606060606060606060606060606060606060606060606060606060606060606060606060606060606060606060606061d2342ed8081416d7e7682e2f32c4130064804ad12c1e63877ec6ab1e4903b94be190231081935ef27c6996db64791dc0bd83a784b35f0f3b813657f1237a0eaec1e6008c420c834ac4ebf4a6a72be547825e1e2b22d278fd7e6a7652baa580e8cedfe2a6279abaade9876594573105dedd8b2de060dfc14b85cd1cd522629669fc5e751146932c50320bc6d16855600b7d754bfd0e9ac09a9a3fda07e65da34109b0001a2dee7691b9ab4e44443cdfb897166abed337a240e3f02de745c5276bd10c8e0797c2e663d8d9d4fac2d2dcd44d3c66362249ac896426683180a0c06929aa41605a0fa4c080584d4fc274a136afb3fcd02d6949668404dfb5f09882229e531459147544d14a6d6d7efcdcdcdf584e023768b842c71ea212ce395286b22d0d0deadeab138daaf756dfdaaf41bc0f55a105ced14a30509009f9495a5f8346db682360721a62199080cd2c5b8c08b642f82ed02d6ab425d9f973674af1042d3c57e17c8f747d81a2c4daf23c402897c3a6161f90f6af3b31314d55d4ec7638eaeaf87d895b0d0352108ae768a21903eb0a1b838ca6d62be90cae52017016342edd317a845922f15f9019af830cfe92c09b54327a95f95be14295fe9ebf952a823122ea93c1c489fbac2e862f5907555550ed5db769594e2060f5c2a2451e8db1dee0d83105c23a4b8067f376d8794bc6186d72f723a0f84d4334de6f6e7b1ac08732e6008241c90522a6bcb4b2e13aab8d3e7715f01c21e6a9ffac8442198a8c2cfd694966c9782176daa7c697666e609fd5d91f1fdeab8689a3e5dd7760c8174c0ca8a8a54b3d77bf75a57e99d20b2e4c0ea884e1292491e45fc724d69e9bfa5104fe5a5a7afd3cdbaa0aa3fa74b29ca03e54a4f18583f7d3f595b5c3c522acab7417e1d880ab53f3ab24d489ed432325ec913c2174c43f5abd22e478af7fb78ba66424d8f5d58591150a7bac01008905f523249087e0a5cc979fd9dc8a3a0fc4ca6a7bf1c2ca1c8f747d81aaccd2540726fcf1588d5710b5d9704c1ad4e51f434166e7c525636768dab6499106c05bec4792d0e009103f205e12addb3d6557cb39432e0f7477b6cd5cffb70aa04f170a0fde98ef3f286d8505c9ce851949f80bc17631cd6155b11caf716a4a77f1ac88bca47511ae6a6bd0de24b3d3e49c847e32f297f2c907ef4c8acde0643c9eb529a0697957c0b291e45af85bcc84782fc975995f7cf1d3ad415a88b967f941a136d525e94706db7f6a5f869dc42d7637a8799c0792490fcf2e3e3144d794e4a6684da978844502f903f9937c4f9c740add24b89f0878ff023811cff859735815803e2e1b885a59f05c25e5f18f002292828b034a5a7fd1878108925d4fe443ee2135555bf76c9d0a1015dacabcf778e109a7601524b94824ac527b7382eaba80ca48dbe30a005b2b6bc3c07d5f7b28439a1f66580d12804f7cf4f773e136a4782cd8015c8dad2d2af49e41f809850fb328079dddbe6befbd2e1c3eb43ed48b018700279ffe0415b7474f41fdb17fb0c82cf21a1c96be66766ee0ab523c1604009646d6969a694f24d04d342edcb79469340dc353f2343d7bd1a7a3060160a5797944c94c80d86384242ac44be9a5f5afca894032b726d407c987c97eb6a21b57f02d1a1f6e57c47c26b78bc77e4e5e4b405fada0f6dda9ba499bce95151a6a38fe6e63605fafa1d11f10259eb2ab95b4afe029842ed8bc12956ba4de6ab2f4b4b0b4892851f1414c483f54924b7e1eff5b449e4cf8f1eddfff8b21b6e086ab69388ee62ad292dbd574a9ec61047b8b1d0e6f3e56f282e4e0cc8d5a4ed79247770fa7eb50bc4cf7372463f1890eb7741c4b6206b5c253f44f2bfa1f6c3a073046cb16872517f36663d54b0638626c5c64e5e6e53ad32f9d71327062d1d5044b620f9ae92ef19e2087f244cf12862d5a7c78ef539ee4ded7abfbfddea21a7afd7ee09112790b5a5a5770ac96f43ed87418f99a49a4dcbf32b2b63fb72b2224569172fabad5e73c002283bb41fcc8b079ab5aee29b25f25922b86b789e324b78bdcbf2a5ecf5d6027b53cd1a604bc7afcabfff6e766e50f7d5478c40d6b85c1749299ec71047842217e32a79bab7673d9a97e7d384b891734422ff1da546ff4f809ceb9488b8d9561d3f3edc645236d2876d9ae18cbba599e6da3a7c6e37d6e828a2e2e2b0450fecd03129e44379e9998ff7f6bc47f3f3cd2d3189f351702a9a69cfe3d3c76d0e867f5f24ec05b2aeaacae1f3b837011784da97fee06e6ee6e8d6ad14efda49f1ae5d541715a1aae74ee147391ca4e464933a7c043953a691356902666baf93108633520879ddfcf4cc7f87da919e10d60291528ab5a5a56f20b826d4bef415d7fefd6c5fbe9c3d6bf2f1b69dbdb86cb79a88b22a981570fb242d6e0d9f7af65e24b3d5c6a859b398fca52bc91c3f0121c2fa27eb298d422833e6a7a7ef0db523dd11d6df767e49c9c342f0b350fbd117aa8f1d63d5d34f73644b01e017c3e8342ba3d3a3488d37136555cefdf225b4fa34aaea7dec2a69e340591b1edf69c1a4e4649377e7dd0c9f3e00c2cd04bbdc8a7956a056db8345d80a647569e91c05b996085a25979a4ad98183ec5eb58a6defbd8ba6690c4db23267542c9949965e3ffda584a22a0f2b0a1ba96df29e3a3e7cfa342ebefb1b240f1d1ae88fa02f926716389df784da8dae084b81ac387c38de62b76d07b243ed4b77484da568eb3676ad5cc1a18d9b70b7f81f88a909562e9f10476a7c6092a614d77859bebd9efa167fba2a93c9c4e42f5dc99c9b6f213a3e2120360289dd64c261b5e2d5341a3c1e34d949be05c90d0b9cce65fa7ad773c252206b4a4a5e46704ba8fde80a5555295cb9920dafbe42adcbbf56959210c5b064859169563206057e602d815dc5adacd8d5786aac628d8e66c6b5d731fdda6bb1468747307396c3419623eed4cdd5a6aaec395143a3d7dbd1db6bccaa36219019530249d809646d71f112a988e5a1f6a32bca0f1e60f96f7e43e5912398cd26c667da999e1345428c3e29b6bc2a7cbab79182a2664e3e98a3e3139879e30d8c5b78293109a16b5192ed76721393ce39dea6fad85c59d9594bf29f0519ce9ee7c8d291b012c8c69a9ab8b6b6d6dd4066a87de98c82b7df66d55f9f466a1ae333a3c91b1b8bdd129aafb1d9adf1c18e060e579c9e1d138a89b8c1294439e200b046d9c8b8602c33aebb9ea8f8f8a0fb3476502229511da735de51534d9dbbe3a2b59a90d75d9c9ef966307deb0b61259035ae92bf20f966a8fde80829252b9ffa33056fbf4394ddc23517c6e14c0a8f2c42358d3e56163672acda4d675dfde4ac2cbef697a7305982ebf384a46406d93aee5eeea93d41556b6bc7270acaa4db3b362f27a72e88eef59ab049bb995f523209c9dda1f6a333f29f7b8e82b7df2121d6c6adb3e389b6854f944e92c3cc8d3307e1f66a94d5f9a86bf1d1ea91d82c0acd6e8d4d875ba83e768c431b3732faa28b82ea4b83c7d3a140a4943478ba28a52819a2582c3f01be1f3cef7a4fd80844812765984ee916ae5ac5a665af131b6de1f639f1d8ade1238e33b15914b253ac80f5ace35156c1aadd0db435077f976a715323295151449bcfbeb58a1a1b71771039702652f0edd565c79ebb78485661307dec0d612190fc9292eba4607ea8fde888baf2323ef8fd93284270d38cf015475744b58f914c96e087aca852b2b5aa92cc580771562b3e4da3a2b5859ab61e6d51372bd2f404704590ddec3121ffb55f97d224449fd2e1ebc2cabf3c85b7ad8db96362498a0d8be749afa969f10f4c92873a75b1a74a495163033b6baad9537ba2a7e2f02359925f5cbc2078def58e900b24d5e5ba1d181d6a3f3ac2b57f3f07377e4694cdc4cce1e1b1c6d017f6b8dab0c7c49092332cd4aef408451161f3c00ca9400a0a0a2c52ca1f85d287aed8f2cedb00cc1f131bb14182cd6e95fa460f2367cdc6648e8c1650c29c35a5a59786da0f08b1409a870cb91541583ed63cadadecfbe4131082dc8c482d6e0bfbcbfd334763e6cf0bb127bd453e126a0f20840291520a89765fa8ec77c7b11ddbf1793c38132d984d91d97a4860fda13662060d22676ac44500cf5d5352322bd44e844c209f94945c0e626ca8ec7747d1d6ad008c4d8fdcd6a3c5add1d2e22637ef624ca6b09c41ef1a85a06fa9edde85102115f1bd50d9ee099547fcf561b252acddbc337c6968f5af3ba4e40435334ef0907c796d7979489d0f89403ead38360cd0b59c6f6fa92a3a0680c3d6b3276f45bd8ffdae36fd8be87581c5e4ff794fb8baca9c13d69834cd7767281d088940349ff9eba1b2dd137c1e37ad0d0d00987ba08f3da5adfc635d0d1fec68e09feb4ee0aaed30ac5b7712a2fd5ff1b16ddb42ec49df1152dcd99774418142f79bb4a0a0c022e10ebdedf68693e23029a2dbe9ddfd656dbcbfbd811b964ce1a5bffd2fe3c68de4d5cf4ef0ded6fa535d9c5061360992e2ac941f3c88cfd371146df823d314976b49a8aceb2e90e6d4d44b41a6e96db737b89b5b0088e92620b1b6c9c7f26df5dc78c5346eb9eb761c8e58be7bdf37f8f3ef1ec01a1bcfb3ababf9686703d54da113cad8ac383455a5fad8b190f9d05f24f2e650d9d65d205211d7eb6db3d7b4b71ab28b118504966f6f60e2a8546eb9f3d6b35ecb1c9ac92ffeef473cf283db708b285ec8af66d9e7b514557511cdda4f5a3c1a2d9e73ab33a7c7fb7fe2aa08160870655f5397f6175dfb76858585d62ab84a4f9b7de164afcad7c5837fbfcb4d6d8bca130fdcdbe97ba6ce98cad4195339b86f3fafbdfa2e6f6e2ec66157183dc4cee8217652132cfdde90d3e6956c2b6a66e3e116063bccdc3ce7ec8a0383ec7e91375555f7d352488956bcde2b00dd4bbce92a90aac4b84bd0084ccd8820628bf13fac3c5d0864d3e126965c3c894189dd272e1f3966340f3ff600d59555bcfbe6bb7cbef5201b0f9f20ceae3022cd4efa200ba9f116926394d3eaec028f57a3a8dacba18a36f6bada70445b597a4d1e2fbdb69aa6369558fbe99905bbd9df8234d50635856dd091425ecb4017089a7239613511da315171feedaaaaaa213977db65558397134d3e6ebca577bdc5e4c1297ced9b77f235a0a4e828ab56aca560fb410a7736e0f66958cd821487054794c06656b05914ec5605af57c3ab4aea5b554e34abd434a92848863b07f18daf2e64d1e24b309b4dacf9a480fd656ea6e49c0eacb4b4ffc2ded6805744d317292f2b2828b04c9d3a55d729429da7cfe4e5fadaeb1b26b3999884049aebea50358959395b223b8eb732694c0631317dcfa3ebcccee1f6afe7703ba07a3c1cdcbf8f3dbbf773e87031f5f58db4b479a9a9f7d2e26ec3663661b5981994e060c4a82472c78e62eaac69c4c5c79d75cdd933c6b3edf3cd6709e4a4e73e5f784c3df71d11d7989e3e0358a7a755dd04925f5c3c0218a197bdfe92343493e6ba3a3c5e89d9765a209a84c29236fedf770317fc67b25a19337e0263c64fe8d775a6ce98c2bb1f6cf8c251bfef964ef689471242d32e476781e8368b254ce4e9652b102465fab316d6b7face3a5e59efc562313163f6cc50b8d5252347e5e051a1a1e5f4e049d5fc5d5a3d329a041da1ff3da45f174b8ad9bad90a0027055256a732e48c3453c76b3c8cca4e4528e70ea61b1b9b3974a088daba264e9ca8a7add58d62124447db89898926c33918a7338db8b8ae672c554de3f0a1e3549457535fd7444343139a26898eb663b19a1992964c46661aa9a9c92867f8613699c8488da7bad1475cb47fa0ee55fd02898e8bebd0568431a5c0e58a9e9a9edea297413dc7207374b4d56f92b3b3003852d9c685d9a7f33c1dabf6306fc1d93dc5325715bf7ee2798e1f2f47769677a79ddc712378ec67ffdde9eb4ffdf955d6afdb465b5bd72bdf8a22f8edef1fc2e94c3debf890d424aa9b2a1896eaef5279da1b40fbc01088b509a6009fea65501781e4bb5cc9482d62c61f00e9a3c72014937f714fca53d3af65755ea6ce987ad67b87a4a790929a8ccd66636cee709cce34e2e363888b8fc3a7aa78dc6eeaea1a29735533794ad7654ea64ccd65e7ce034c9f3981912387929494405cbc038bc54c4b732b6eb787b2b22acc26d339e200c870a67368c7e9e0c4a6f6b5c9e4cc084f74dd8e90ea6c069a409072126196a4ae3b6c3131a48d184ed98103d4b769c4479968766b7855c8ce3937f1e3830fdd1510bbd3674c60fa8cbe0fd69d4333d8ba71d3a9ff17d7f9504c26060f8bd090f72f2061a29ef67419a40b29fb373d1322864ef0ff16c7da43446a1abda424d85194b00d4426233d8d86b6d32127875dcd240dcd1c3855aaa418afa7395d7e69a9109102c99ae417c8ae62ff98f044b3ca90c1ddaf9c6fdb52c83d77fd846f7ff367ecdcb1bf5f3e6cfe7c1777def123be79cf63acfbb49362af67909696488bdb2f104d4acaeb3c38c7e6f6cb87b04230e6fd83077553bb2e0251ba2e061f96b8f6eda3f2c81114b389925a7f2acfc6368d2169ddd711adab6fc466b3525e5ecdfffdf2595caeca3efb71e1d45c6eb86909559527f8fd932f73f060d741878ed868dabc7e81b86a7df85449c290b473cabf4530667bac55b7f1ac3e2d8824623ac0274a8a79fd81fb78f13bffcd9a175e40f3a9202507cadb686a53494ee93e942cefe299dc79d7b500b8dd5ede797b759ffd31290af3e64f01406a928f3ffce242e0d958adfe2dc23e555258e24f149dffdcf3fce1fa6b59f7f717f076925d3da2504dba15560afa207d437171940752826d2710d49595f1af07eea3bea6f6d4312104769b953d25add82c82a4a4736b5f74c4f1e3a7ebc19ca8a9ef933fc78a5c343434b161fdf653c7aaaabb0f3ab49a042d1e8dc395a7c3eb3d6e0f9fbef22a65fbf671cdcffe37e859de83891042b7076ed005e23599b2915a44cc60adfacb9fa8afa9257d480ab77e6509174e1e8b23d61fd7d4d8d8c2fddf7f84d884aed713dc6e2f3ff9f11f387ca8f8d4b14993fa9638d266b7f2b3fbfe82a69d5e5b19352aabdbf3cc6613d183b378edd54790525274ccc55befe6b372f5260e6dddc6c6d75f63cecd615dc0ab4b8490ba0924e85d2c55d3d2836d23501cddb69db8b8587efdf8ff30ffa2a93862a3292b75a1692a0e47342d6ed96d80a2cd6661c9927998db37b34f9b3e9e458be7f6c99fb4b464aebe66e1a9ff3b9da97ce9aaeea32d142188778e02fc2d604e7606fff39d5bb8eecbfe6b9dcc1819b14839442f53416f414c422477b5332f9cb03b1c4c1e9b4342fce95090d75efc1b76bb9ddcc993494c4a60e488ee9fe0f3164ce3c2a9b9b4b5ba494ee97ed6ab2bbe72f3954c9b3e9eda13f54c98381abbbdfb099ca1ce14063bb3696a6aa270fb761293931939660c375ebf8837de5a89a69ebbf330c2e8593f3700045d2052c70fd35f1c8307d3d07476988f233e8eb8f8040eeddd4b7d635b8f6e5080d8d86862630393f07ae4c8ee45792631f183f874d50a2a4a8fa3692ad367cf61e49831a7c2576292c27ecf5a3788eea7120344d0bb5852ca88f935d2468ca4acf2ec41705cfc20d23232f8eabddfc21121f14c36ab15b3d5ca354b9792302891b8f6a29e15ed9f2d31439f32084144b7876ed005222062ea0638c78ea5c2554153f3e93a7a09090934b6a7010ae715f433315bcccc9ab780ec61c3686a6a243ec11fea7ee8500900e9a3c2b2da446fd0ed9e0afe2faed06d9f24ca6c2633369691f10964391c382ca149f799913b162925870e1d3f752c7e50028df57d9ba60d1566b309af4fa5a5b5159fd74b5c827f1c74f8a87f662d75d4c850ba1700a46e2be9411f830829adb28b38c52c8783ac58c75909dab21d50d9dac2febabaceea6a078584b421243933d9b1fb209326fa9fb2d3e7cc65fa9cb9689a76d6de8b70c66236a1fa543455257bf870e2da374bed2c3c8cc962c17941d8e60cef2142b72768d05b104d8a4e57a49cb1b1643be23acc5e38382a9a5109091d9c155c46cc9ac5a62d7bce39eef3f9305b222343bad96cc6ebf312eb7070ddcdb760b158385e5c4e457915d99327638d8e985e6f670c1c8120a4afa3c32621c876743de84d8d8ac6a1f38aefc899333976b484ea3356d301bc3e157384546832b7b72067b2798bbf70ec8899e1b755b80f74784f0583e00fd285e8309d6082cd86a90739a012edfad6e7708e1bc7a0214358b1faf3b38efb7ceaa9c5bffea06a1a2f3cf726f5f5679764f6f954de58f631b5b50dfdb661b198f19d2110a9493e58f11966ab8d3141ae93ae13ba0594057f1d440a8fe860a1d0dcc319218bce33474208265d7925efbdb98cebaf5988b9bdf08ccfe70b480b6252142e5f328f679f5986dbed257190838686664c26852f5f7b298306f57f2ad96452f0fa4e3f643fdfb21b576905175ef925a2e3f5efb60681812310055a3b1a66775754fe246d3d7c5f2099b0e832d6fde31fbcf19f75dcf45ffef2ed5e9f8a25002d08f8b7e8deffc057696e6ea5a6a68e848438e2e2fa9e63eb8b58cca75b9086c6669efbc77214938969d75e1b301b2146b7d87d1d56d2b5131dedb6adf77870ab2ab62e4a834929a96e6dedf4f560111517c765fffd5dfef9eb2728a969e0aeeb2e0e580b7226313151c4c44475ffc65e62369bf0f97c6cdd7d88df3fbd8caa121717dd761b89191901b715226af43214fc695e414d4733b5524a0ed6d7312eb1f345d1a2c6c690b42000e32eb91847e220fef3dbdfb0795d01372fbd226206e98a626279fe560ab7ed46319b99f7d5af32fba6a5a1762b6008d02d13b70e1d7c53a71fa6a6ad8ddd276acee96ea95272a8be9ee34d8d41f7ae2bb2264fe6ee679f63d445f378f6e97fe2f5f63c7de73b6fafa6cd1d98720752937cf4e17acacaaaba7daf4f55f960c506766ddd45e6f809dcf5d7bf3267e95722b6ce7b47c881d482a89a56d1d5fa5a4d5b1b27dc15c45badd84c26bc9a46bddb8daae302615758ec762ebdf75eaa8b8aa86deef9d870faf4f13cffcc9b8c9f309299b32662b5f67eba5ad324bb76ec67e5ca8d2cba6c16438674bfef6cd3e7bb282e2e236dc4086e7afc714c11d2eaf50681ecfb1ee65e127c81b8dd454a3711b0524aeac2782ba81082718b2ee5c3dffd8ee6965662a2bb1f370c494fe1de6fdfc4d62d7bf8d31ffe81dd6e63cc05c3c9c9c96068d6900ecb324b4de22aafa2e87009070e1471f8f071a64e1bcfbddfbe89a8a89e4d776fd8b81380098b160f48710048298eea652be8dfe0a5c387d7af292da903227a7e71e4cc597c207fcb679b0b59387f6af727e017d694a9b94c999a4b45450d5b0b0a79f3cd151cd877148fc7db3e488fa6b5b58de6e6167c3e95ecac0c468dc9e1c22963b9e3ab5fee30c5696778bd3e366d2e443199b8605ee0926b871b4291457ad9d2eb1153044cd2c95650887238c81c379ef7566eeeb140ce24353589cbaf98c7e557f86f5c9f4fa5a1c19f77372a3a8a3847748f5b89ce58b7613b2d2d2d0c9b3695981e14f68958a4a25b0ba2d72adc3e9dec0495b9b7dec6c15d7bf86cfbc17e5fcb6c369198184f767606a98313fb2d0e9faaf2e2ab1f00306769c86a5eea81a6592cfdff017a883e0211ecd2c54e90193a613c39174ee1e9e7dfa2d9a35b38508f78f5dfaba82caf64e4ac5938c78d0bb53bc1e448dee0c14dddbf2d30e893174b63a71e76f460c97df7d1545fcf13cfbe176a574eb163cf115efbd772ec31315cfacdce8b8a0e08a4bef7923e991585d8a1871d3d884b49e18afbeea760653ecf7fd07d2ad060e3aaa8e117bffa1b9aaab1e4befb894f0beb12f4fd460aa96b6f441781cccfc828064af4b0a5072367cde2927bbec1bf9f7d8965eb4237bcaaa96de4078f3e4d636d1db3962e65f4dcbea5178a24a4909fe9694fbf8972c167487a5716368c9976cd35f8dc6e5efaddd3b4b6dcce6d8b26f7eafc4fd616e0fec24afbb0e1990c1f7e6e69858e38e6aae227bf7c819ab272265eb698f9777cb557f623144d6df56ed4d3a06e0211c8f51231600402306be952acd1512cfbeb5f39bcf7200f7de36aecb6be6f76f3f97a1677b6f6f3429e7cf225dc2d2d8c5bb890c5dffbde800a25e9825d970e1fae6b82005dbe555978bdb598b93737da86bd00e0360da2d19a892432b6b07647f9c103bcf5b39f63359b78ec07779095796ee5a740a0691a7f7b6335fffed77b2025736fb99539b7dc72be8803107f5c9091f11d5d2d06f3e272ebf5293e2c0f23e5edc05965567dc24e65f4344a622ec1ab046e2f44a8686d68e0bd279ee0f8ceeda4a50ce2e107ef22332330429152f2eef2b57cb47a2345474ab145c7f05f3ffc21c3a74f0fc8f52305a1c92be66766beafabcd605dd8b3e5e69902ed2da0cb69158fe260dfa03b68b4447e0d3d2925af3ffc43bc152e14e963f6ac0bb9f1ba4b4f9524e80bc5a515fcf9a9d7a8aeaac455514fa2d3c9758f3d76aa0aef79445bac5092f4ac700b419ac5726fbd79ac40fb906ec40160d51ac9ad7d86686f79305cd11521044208e2e3a3f8edff2c4078eaf9ce7dbf62d3e7bd9f996c6e69e5efff788f1fffe48f2c9e91c6f45c7fbee629575d7d3e8a038158abb73820080291af5f6f5234ed75bed0a5ea0a93e66674fd2b0819f1499569acae21da6ec16a31b17461368f7c7d2e1faf58cb030ffe8eed3d28c7d6dcd2ca2baf7dc0ddf7fe14775d197f787021174d7662b7f9e753dcadcdc1fe08e18990ff0e85d980cf62a9c34c3722e87551bc685f19c9ee9d54d9233aa691e6da5a62334f4fd5a6265af8e1ed1772a0a4997fbdf511cfbef06f162f9acdf469e3481decdf4d2935c9a1a3c5ac59bb99b59f1430674a364f3e700989f1a7f357c544f9f79334d7745f406700e2332be690d46c08b840a41037f6f5dca4b61d112d90a69a6a5aeaeb49760c3be7b551ce181eb96b2aaeca4656161ce1e1f756d3e6f6121b6ba7baba81e4c4582eba3093df3db090c4f873f79b0ccff447e79616ee424a791ecd5c8140ac9a9396a6db26a93309c63ac894be9e18eb8ddcc5f68a438758fe9b5f23358d61a99d6fa84a1fece0b625a3b96dc9685adbbc549e682139318a187bd703f991594944d9cc941f3e42c15b6f31ed9a6b02fd11c2164dca7f85ca763004d2e7da0d1655b720cd80d074e20485ab57b17bc50a2a8ffab72864a6c5316342cfb28744d92d64a5f76ca866b79ab9f5aa893cb36c0b2b9f7e8a1dcbdf65fce225e45eb290d8c488a930d17b04f51e932227262b00000e4f494441547959e8cc0718efd6a5e548fab400e0511c6c1efc48a05d0a285eb79b03ebd7b37be50a8e6edd8ad44e4f2c8c1b3198fb6e9f45f2a0e0e5befd60dd215e7a673b4dadfe04128aa23062ea54c62dbe9c1133670ebc6db682a716a43b4316a21c78816c59ba1ae8be905e07d4594752987877803dea3f52d328debd8b5d2b56b0ef934ff09c91ab2b2ec6c64553b2c89b96c5e81c7d0a1fb5ba7dacdb7a9c959f1d61cf91d3994ea2e31ce45ebc9009972f6670ceb9e3a0484411ca9479e9e95b43653fe002f114dcf41d21c4effb72ee91b8ab298b9e136897facc899262f6e4af61f78a15d496979d3a2ecc6652c64d60ee8c51dc30d64c8c2934b9bb008a2b9b786b5b2deb3fdb474bf5e90c4bc9439d8cbb743113175f16b1e9468564ed7ca77341487d08f405e586eba37c56f30104bdaaf3e551e2d892f20334fd4a3f74485b53137bd7ae65f7ca9594ee29449e917ec8913d9cb4b9f3499d751116877fec10adb531d5738009dec3583b4e641f14dcc2c24eeb30b65947d124eca069d4eed94df9fa7c2a3fdf88e6f567893159cc0c9b7c21e3165dc6a8397350bac864197e88ab1664648474675a50e60a7d05375d218578077a168d2885c2de84af516b0b4d6930a9a91cdebc991d1f7ec8a14d9bd0ce48fc6c4f194ceaecf90c993d9fa8219d57b4b6492f13bc4798e43e8843062f5d6aadc9c136cb08f658b2f1888ec71bdec6062a3efb84f24f57d378ec740290d8c444c65f7619132e5d44a233eceb14ee9f9f9e31560811d2d5e3a04da6fb0a96de2e05cfd04db1130d3387e3afa332aacfb3c37dc6e771b3fdfd0fd8f4fabf68a83e9daccf1415cde0e9b3489b9347fce80b7ab5e6a02019e52de642cf41d2d4c02cea490445e634b65b8773d4dcbb12e18dc78a28ff6415151b3fc5db78bab48273ec054c587c396317e461d1b9c4448f10dcb620ddf972e8dd08229ead374d1552fc16e8ac28c5dafd09b7ecaeb64ffc5630fde88803ebd7f3e11f9ea4b9b60e00c562213177228367cf2365ca34144bffcbe025a90d8cf11d67a4b79444ad77753f2402972989831627072c99fe6e543f903e1fd5db3653fe693e353b4fcfbe59a2ec644f98c8057917336ace1c2c36ddcaff75c501999e919b2744c83363e8b21cebde72e305428a4b05220b402a14498d15b6a9afeefba8bc3cc6a6fa8e0083f5f0c5d3d2c28a3fff999d2b3e06c09e944cf6d53790327d16e6a8e085dd3bb416b27c150cd66a4951eb71c8566cd28355fa681356dcc242ade2a04a89a7c2348862732a6d9d57afeb179eba5a2a36aca56c5d3ecd25c5a78ec7c4c731e7d6dbb8f04b578574a55e206e9a9f91f15ac81c3883b0885758e32afe0eb26f335fbdc1d3d2c2bf1e7a88d2bd7b502c16b2afbe81ccc55f42095155dd70a0a5ac849a1ddba8fc7c030d87fcc1942367cce0ea1fff18b33524adc9d6f9e919d3423df638495808245f4ab3282ddd862068099d7c1e37af3ef82025bb77e3c8cae6827bbe478cf3fc0b1bef8aba7d7bd8ffc253b494973272e64cae7deca7bab7244268f3e7a70ffd4457a35da06f7db34ec813c22785f87e306dac79fe794a76ef2661cc3826ffe81786383a2061cc58a63cf6388e612338b871235bdf7d4757fb125e0b277140980804202f236325f06e30ae5d7dec1805efbc4bc2f0114cbcff614ce1386b132698a36218f7ed0730dbed7cfaf2cb785a74dba3d46411caffd3cb584f091b81009855ed9b405da0affbf91b6f20908cbefb3b28fdd8fe7abe604f4e21fd92c5b4363450989faf8b4d29f8f1dcf4f4e3ba18eb05612590b94387ba04e2e1405ed3e771b3f7d34f48993a93e82161bf3816360c9ee9cf425f98bf3af8c6249bab8664fc31f8867a4f580904605e7afa532002d60f3db07e3d9e961692a7874f8c5724103b340b7b4202ae3d7bf0b605b5a8ac5b91f2ae1b84085d405b17849d4084109a94f266a03610d73bb87113268b85a40991bb533114082188bf6002aacf47f5f120f67c240fcdcbcc0cdbe4e6612710803ca7b3444a0212f75e75f4088e612330d9035f6e79a0638d8b03c01dbc81fa8af919194f06ebe281202c050290e774be01fcbd3fd75055959a9212a2d23a0f3234e81ca5fda1e20d8a4044b9e2f5dd2e84088f6aad9d10b60201901eef3705f4b9c6406d71099acf4774aa2190be60b6f9a7c383d082f83445bb695e767659f76f0d2d612d90bc9c9c369f50aea58f85e31b6afcbbedec830776cd8c607172bdc8dd12d85c5c52f0c0c54332d706f4a24122ac050270497afa314d7213026f6fcf6da9f347d05a2374475da831b547f67a5a02b7bf450a5ecc4b7786f5b8e34cc25e2000173b9dab90e29ede9ed7dae0cf946f8989fce4d8a1c0d4dec5f2b4f6bd8b25d048f01c64706b0109ee83db5a9b5b7bfd3b8692884981b12023e36f6b5d25c3a4a4c70b89ad0dfe16c41c1dbc2c230319e5d418a46f2d885dad614cdd3f88399def6c722ebc2a37de7c8798f9cfde6d90091111d1829c64de908c47103cd5d3f7b735f9f36c99a36383e6d340c61ce59fc5f234f77e0c22a4fa45719ce4cbaa45fb5dffbdd3878812881042ce1f92f12d897cbe27eff779dca0284670621f516ced02e943c2ec78cfe18ec40180843be4a6db92fae59c4e449440c02f92aa74e73d12badd71a6797d28a6e0ecca3b1f383948efcb2c96b5eb2dc68a4771f76e737d8888388100dc20845a959e7133c817ba7a9feaf5a2982329cd4d78616e6f79fbd2c56a35257555f0a5d56ab51eeda35bba12910201bf48e6a73bef92c83f77f61e9fcf8b1868a93875e464d7b40fd3bc075b6dc367006f76fcb2f8b998f87244143a89588180bfbb959791f96d21e4f78073f630fb5b1043207dc564b52184c0ddda738108c1268bc93c776e7afa71b357f99a80bf71fab76905f123f361efff05c5e1203020ee9ef9e999bfcf2f292915829780535189aacf6708a43f280a8ac5da8b695ef1560ce296a969692d00ed53b95f931baebfdf6351d2ad56ebd14869394e3260ee9e3ca7f38d7c97ab5c48b90c641af85b10a38bd53fcc763b9ec606a4a622944ec77312c9e3f333d21fee281b8998bdec041091a5b122ba8bf545f2d2d3d79955750ab0018c2e562030d9a39052e2e97cd354a394dcb0c0e9fc61b8a4ea0924034a20e0dfb69b52579f07e20f9aaa2255edac04d406bde3d46a7a7387e1263b35c4b4f6ad09039201271080dcdc5ccf828c8cefd6baca0e36bb4a683a76a457e72faf2ca5a835b2aa5d75459ba6b2baba6f91e5a766b2ce168844f24cac50665d9c91d17de9de0866400ae424eee6e623003b9ef8a92cfb64758f5b92232d8d54ba83ba0f5b576a3c6e3eeeab404eb620a757d34b34a15dbec0e9bc271475cbf566400b04c4b78175dea646b1efb93fb1fd973fa1a5bc34d44e4514cae9907789e419bb3d2af7e2f4a11f85d82ddd18d002f9a8b0f0d047857be701b7033575fb76b3f9a1ef71f8f597d1bcbdde5e725e7272357debf2f71f59e074de3333292922a27003c58016483bf2a3c2bd2fa1315e20dfd05495e3ff798bcd3ffa3e559b3f3306f09da079ddb8567f4cdd9e5d1ac0c1756b23b746773f386fe6403fdabbb70cb87ed1b831570a297edd52ee1abdfb8fbf222e670439d77f85c471465a2000f7891a5cab3fa264f547d2d7d428f03f445d42983f0db56fa1e0bc8be43b5c597d203377dcd3a696a6528198eaae3be1a858bf96dadd3b884a4dc39e3c98cfebaa71daa3c9b00f8c8d568d3e2f9fd755b330b9e3005a2955ea0a777378d9cb1cf8dbd3b26e5fa1d03c1e211047103c1617d778fb3b5b0f55eaec76581016e50f42c582dcdc58bb90f74b29ef03620112c6e4b26bc278c6cc9ac7f4a48191eca1b4ad853f16ede3f131179e3a26a5a4f1f0012a367e4ad5a6f5b8ebeb4fbd04ac1642fe65e6ee7d6f3fda418cdbf9c4792d90935c3e79448af45abf25a5f64d108301445c9ccc5ab0480cc95b843d499ffae7c1e2a4407e397a328d4587a92ed844d5c6f5b4549d15917e42c08b98b4bf7eb873ff805edbe80d8640ce604176b6dd1663bf55b3587fa878bdd9000885a40993489e3c9de4c953b00e8a888d70a7d0bc1e0eefdace864f5732aaa888b69ab33228b981e552e36593d7fbc107870eb943e466d86208a463c4e2dc318b34296e1182ab69ef7e21048eac1c92274f2369f2541c43734009b389404da3a9e438270a7750bb7b27f5fbf7a07acebaef3d20f2417bd3ac58de58be6b574072200f542256203fd8bcf372018f4bb800289652fee68969139e22c0a92caf9fe58caa6f745c25244b81c5c0a9c27d269b5dc666e50847d6301c39c371640f233add89d05134dec67a1a8b8ed070e800f5870ed070e800be2fee2117a2494ab94208de729b6defadd9be3de03558062a1129900737ef582a11af7cf1b844fcea8969e38356a5e8aad1a31d6e8b324f68728114220f98c41766024d562b512983b1240cc23628a9fd2f115b623216472c8ac58a62b6a2d82c28662b26ab0dc56a0614348f0700cdd386eaf32f64aaad6d68aa0f6f43039ec67a3c75b5b8abab697695d05c7afcacdae767a009d82aa5fc5831f171a53566c3962d5b8c95d13e107102b9bba0c03248da5c203b1a396b9aaa8ef9d5ccc907f5f065c1a44909566fdb45023109c8953056c06840ef32568dc0e720d683f84cb5b77eb672cb91fa6ecf32e896885b281ca49947213a140780a228e619802e0269efaabcd7fe07c082050bccd61ad70845b38cd250d304a48192020c0199aa984c294228d14251cc9aa63a002135cd2a35cd0260329b5ba47faa15a4d434558d0510826a091540b990944ad82b852c4491851fefdc5fc4c9730c024ac409446aa25e74b1bc2945d7f96682cd9a356b7cc0bef63f830827cca660bae78999134b80551dbd26a158b376fc9a81415f88388100089f7a17f085c52c512d24b7fc7ae2c4884a0a6010de44dc20fd24dfdfb021ca6a8db94348315642b149152ffe62e6f88a50fb65606060606060606060606060606060606060606060606060606060606060606060606060606060606060606060606060606060606060606060606060606060606060606060d039ff1f6cc7718e7c96bada0000000049454e44ae426082);
INSERT INTO `employee` (`emp_id`, `f_name`, `l_name`, `gender`, `dob`, `email`, `contact`, `p_add`, `per_add`, `house`, `pcode`, `dept`, `designation`, `date_hire`, `salary`, `job_t`, `status`, `image`) VALUES
(5, 'Mihir', 'darji', 'Male', '1988-04-02', 'mihirdarji@gmail.com', 4294967295, 'Sai park', 'bhayander', '101', 401105, 'sales', 'supervisor', '2019-10-04', 19800, 'Sales', 'single', 0x89504e470d0a1a0a0000000d49484452000000c8000000c80806000000ad58ae9e00000006624b474400ff00ff00ffa0bda7930000200049444154789ced9d77781ce5b5ff3fef6c55594956b164696549ee58aeb8176c0b8c31867009dda1261048486eca057e8184104872132e69a44268099040c0105a4c73910db6b1b1dc2df7225bd2aa5bbd6c99797f7facdcb0ba766777e5f93c8f9ec79edd99737677bef3b6f39e0306060606060606060606060606060606060606060606060606060606060606060606060606060606060606060606060606060606060606060606060606061d2342ed8081416d7e7682e2f32c4130064804ad12c1e63877ec6ab1e4903b94be190231081935ef27c6996db64791dc0bd83a784b35f0f3b813657f1237a0eaec1e6008c420c834ac4ebf4a6a72be547825e1e2b22d278fd7e6a7652baa580e8cedfe2a6279abaade9876594573105dedd8b2de060dfc14b85cd1cd522629669fc5e751146932c50320bc6d16855600b7d754bfd0e9ac09a9a3fda07e65da34109b0001a2dee7691b9ab4e44443cdfb897166abed337a240e3f02de745c5276bd10c8e0797c2e663d8d9d4fac2d2dcd44d3c66362249ac896426683180a0c06929aa41605a0fa4c080584d4fc274a136afb3fcd02d6949668404dfb5f09882229e531459147544d14a6d6d7efcdcdcdf584e023768b842c71ea212ce395286b22d0d0deadeab138daaf756dfdaaf41bc0f55a105ced14a30509009f9495a5f8346db682360721a62199080cd2c5b8c08b642f82ed02d6ab425d9f973674af1042d3c57e17c8f747d81a2c4daf23c402897c3a6161f90f6af3b31314d55d4ec7638eaeaf87d895b0d0352108ae768a21903eb0a1b838ca6d62be90cae52017016342edd317a845922f15f9019af830cfe92c09b54327a95f95be14295fe9ebf952a823122ea93c1c489fbac2e862f5907555550ed5db769594e2060f5c2a2451e8db1dee0d83105c23a4b8067f376d8794bc6186d72f723a0f84d4334de6f6e7b1ac08732e6008241c90522a6bcb4b2e13aab8d3e7715f01c21e6a9ffac8442198a8c2cfd694966c9782176daa7c697666e609fd5d91f1fdeab8689a3e5dd7760c8174c0ca8a8a54b3d77bf75a57e99d20b2e4c0ea884e1292491e45fc724d69e9bfa5104fe5a5a7afd3cdbaa0aa3fa74b29ca03e54a4f18583f7d3f595b5c3c522acab7417e1d880ab53f3ab24d489ed432325ec913c2174c43f5abd22e478af7fb78ba66424d8f5d58591150a7bac01008905f523249087e0a5cc979fd9dc8a3a0fc4ca6a7bf1c2ca1c8f747d81aaccd2540726fcf1588d5710b5d9704c1ad4e51f434166e7c525636768dab6499106c05bec4792d0e009103f205e12addb3d6557cb39432e0f7477b6cd5cffb70aa04f170a0fde98ef3f286d8505c9ce851949f80bc17631cd6155b11caf716a4a77f1ac88bca47511ae6a6bd0de24b3d3e49c847e32f297f2c907ef4c8acde0643c9eb529a0697957c0b291e45af85bcc84782fc975995f7cf1d3ad415a88b967f941a136d525e94706db7f6a5f869dc42d7637a8799c0792490fcf2e3e3144d794e4a6684da978844502f903f9937c4f9c740add24b89f0878ff023811cff859735815803e2e1b885a59f05c25e5f18f002292828b034a5a7fd1878108925d4fe443ee2135555bf76c9d0a1015dacabcf778e109a7601524b94824ac527b7382eaba80ca48dbe30a005b2b6bc3c07d5f7b28439a1f66580d12804f7cf4f773e136a4782cd8015c8dad2d2af49e41f809850fb328079dddbe6befbd2e1c3eb43ed48b018700279ffe0415b7474f41fdb17fb0c82cf21a1c96be66766ee0ab523c1604009646d6969a694f24d04d342edcb79469340dc353f2343d7bd1a7a3060160a5797944c94c80d86384242ac44be9a5f5afca894032b726d407c987c97eb6a21b57f02d1a1f6e57c47c26b78bc77e4e5e4b405fada0f6dda9ba499bce95151a6a38fe6e63605fafa1d11f10259eb2ab95b4afe029842ed8bc12956ba4de6ab2f4b4b0b4892851f1414c483f54924b7e1eff5b449e4cf8f1eddfff8b21b6e086ab69388ee62ad292dbd574a9ec61047b8b1d0e6f3e56f282e4e0cc8d5a4ed79247770fa7eb50bc4cf7372463f1890eb7741c4b6206b5c253f44f2bfa1f6c3a073046cb16872517f36663d54b0638626c5c64e5e6e53ad32f9d71327062d1d5044b620f9ae92ef19e2087f244cf12862d5a7c78ef539ee4ded7abfbfddea21a7afd7ee09112790b5a5a5770ac96f43ed87418f99a49a4dcbf32b2b63fb72b2224569172fabad5e73c002283bb41fcc8b079ab5aee29b25f25922b86b789e324b78bdcbf2a5ecf5d6027b53cd1a604bc7afcabfff6e766e50f7d5478c40d6b85c1749299ec71047842217e32a79bab7673d9a97e7d384b891734422ff1da546ff4f809ceb9488b8d9561d3f3edc645236d2876d9ae18cbba599e6da3a7c6e37d6e828a2e2e2b0450fecd03129e44379e9998ff7f6bc47f3f3cd2d3189f351702a9a69cfe3d3c76d0e867f5f24ec05b2aeaacae1f3b837011784da97fee06e6ee6e8d6ad14efda49f1ae5d541715a1aae74ee147391ca4e464933a7c043953a691356902666baf93108633520879ddfcf4cc7f87da919e10d60291528ab5a5a56f20b826d4bef415d7fefd6c5fbe9c3d6bf2f1b69dbdb86cb79a88b22a981570fb242d6e0d9f7af65e24b3d5c6a859b398fca52bc91c3f0121c2fa27eb298d422833e6a7a7ef0db523dd11d6df767e49c9c342f0b350fbd117aa8f1d63d5d34f73644b01e017c3e8342ba3d3a3488d37136555cefdf225b4fa34aaea7dec2a69e340591b1edf69c1a4e4649377e7dd0c9f3e00c2cd04bbdc8a7956a056db8345d80a647569e91c05b996085a25979a4ad98183ec5eb58a6defbd8ba6690c4db23267542c9949965e3ffda584a22a0f2b0a1ba96df29e3a3e7cfa342ebefb1b240f1d1ae88fa02f926716389df784da8dae084b81ac387c38de62b76d07b243ed4b77484da568eb3676ad5cc1a18d9b70b7f81f88a909562e9f10476a7c6092a614d77859bebd9efa167fba2a93c9c4e42f5dc99c9b6f213a3e2120360289dd64c261b5e2d5341a3c1e34d949be05c90d0b9cce65fa7ad773c252206b4a4a5e46704ba8fde80a5555295cb9920dafbe42adcbbf56959210c5b064859169563206057e602d815dc5adacd8d5786aac628d8e66c6b5d731fdda6bb1468747307396c3419623eed4cdd5a6aaec395143a3d7dbd1db6bccaa36219019530249d809646d71f112a988e5a1f6a32bca0f1e60f96f7e43e5912398cd26c667da999e1345428c3e29b6bc2a7cbab79182a2664e3e98a3e3139879e30d8c5b78293109a16b5192ed76721393ce39dea6fad85c59d9594bf29f0519ce9ee7c8d291b012c8c69a9ab8b6b6d6dd4066a87de98c82b7df66d55f9f466a1ae333a3c91b1b8bdd129aafb1d9adf1c18e060e579c9e1d138a89b8c1294439e200b046d9c8b8602c33aebb9ea8f8f8a0fb3476502229511da735de51534d9dbbe3a2b59a90d75d9c9ef966307deb0b61259035ae92bf20f966a8fde80829252b9ffa33056fbf4394ddc23517c6e14c0a8f2c42358d3e56163672acda4d675dfde4ac2cbef697a7305982ebf384a46406d93aee5eeea93d41556b6bc7270acaa4db3b362f27a72e88eef59ab049bb995f523209c9dda1f6a333f29f7b8e82b7df2121d6c6adb3e389b6854f944e92c3cc8d3307e1f66a94d5f9a86bf1d1ea91d82c0acd6e8d4d875ba83e768c431b3732faa28b82ea4b83c7d3a140a4943478ba28a52819a2582c3f01be1f3cef7a4fd80844812765984ee916ae5ac5a665af131b6de1f639f1d8ade1238e33b15914b253ac80f5ace35156c1aadd0db435077f976a715323295151449bcfbeb58a1a1b71771039702652f0edd565c79ebb78485661307dec0d612190fc9292eba4607ea8fde888baf2323ef8fd93284270d38cf015475744b58f914c96e087aca852b2b5aa92cc580771562b3e4da3a2b5859ab61e6d51372bd2f404704590ddec3121ffb55f97d224449fd2e1ebc2cabf3c85b7ad8db96362498a0d8be749afa969f10f4c92873a75b1a74a495163033b6baad9537ba2a7e2f02359925f5cbc2078def58e900b24d5e5ba1d181d6a3f3ac2b57f3f07377e4694cdc4cce1e1b1c6d017f6b8dab0c7c49092332cd4aef408451161f3c00ca9400a0a0a2c52ca1f85d287aed8f2cedb00cc1f131bb14182cd6e95fa460f2367cdc6648e8c1650c29c35a5a59786da0f08b1409a870cb91541583ed63cadadecfbe4131082dc8c482d6e0bfbcbfd334763e6cf0bb127bd453e126a0f20840291520a89765fa8ec77c7b11ddbf1793c38132d984d91d97a4860fda13662060d22676ac44500cf5d5352322bd44e844c209f94945c0e626ca8ec7747d1d6ad008c4d8fdcd6a3c5add1d2e22637ef624ca6b09c41ef1a85a06fa9edde85102115f1bd50d9ee099547fcf561b252acddbc337c6968f5af3ba4e40435334ef0907c796d7979489d0f89403ead38360cd0b59c6f6fa92a3a0680c3d6b3276f45bd8ffdae36fd8be87581c5e4ff794fb8baca9c13d69834cd7767281d088940349ff9eba1b2dd137c1e37ad0d0d00987ba08f3da5adfc635d0d1fec68e09feb4ee0aaed30ac5b7712a2fd5ff1b16ddb42ec49df1152dcd99774418142f79bb4a0a0c022e10ebdedf68693e23029a2dbe9ddfd656dbcbfbd811b964ce1a5bffd2fe3c68de4d5cf4ef0ded6fa535d9c5061360992e2ac941f3c88cfd371146df823d314976b49a8aceb2e90e6d4d44b41a6e96db737b89b5b0088e92620b1b6c9c7f26df5dc78c5346eb9eb761c8e58be7bdf37f8f3ef1ec01a1bcfb3ababf9686703d54da113cad8ac383455a5fad8b190f9d05f24f2e650d9d65d205211d7eb6db3d7b4b71ab28b118504966f6f60e2a8546eb9f3d6b35ecb1c9ac92ffeef473cf283db708b285ec8af66d9e7b514557511cdda4f5a3c1a2d9e73ab33a7c7fb7fe2aa08160870655f5397f6175dfb76858585d62ab84a4f9b7de164afcad7c5837fbfcb4d6d8bca130fdcdbe97ba6ce98cad4195339b86f3fafbdfa2e6f6e2ec66157183dc4cee8217652132cfdde90d3e6956c2b6a66e3e116063bccdc3ce7ec8a0383ec7e91375555f7d352488956bcde2b00dd4bbce92a90aac4b84bd0084ccd8820628bf13fac3c5d0864d3e126965c3c894189dd272e1f3966340f3ff600d59555bcfbe6bb7cbef5201b0f9f20ceae3022cd4efa200ba9f116926394d3eaec028f57a3a8dacba18a36f6bada70445b597a4d1e2fbdb69aa6369558fbe99905bbd9df8234d50635856dd091425ecb4017089a7239613511da315171feedaaaaaa213977db65558397134d3e6ebca577bdc5e4c1297ced9b77f235a0a4e828ab56aca560fb410a7736e0f66958cd821487054794c06656b05914ec5605af57c3ab4aea5b554e34abd434a92848863b07f18daf2e64d1e24b309b4dacf9a480fd656ea6e49c0eacb4b4ffc2ded6805744d317292f2b2828b04c9d3a55d729429da7cfe4e5fadaeb1b26b3999884049aebea50358959395b223b8eb732694c0631317dcfa3ebcccee1f6afe7703ba07a3c1cdcbf8f3dbbf773e87031f5f58db4b479a9a9f7d2e26ec3663661b5981994e060c4a82472c78e62eaac69c4c5c79d75cdd933c6b3edf3cd6709e4a4e73e5f784c3df71d11d7989e3e0358a7a755dd04925f5c3c0218a197bdfe92343493e6ba3a3c5e89d9765a209a84c29236fedf770317fc67b25a19337e0263c64fe8d775a6ce98c2bb1f6cf8c251bfef964ef689471242d32e476781e8368b254ce4e9652b102465fab316d6b7face3a5e59efc562313163f6cc50b8d5252347e5e051a1a1e5f4e049d5fc5d5a3d329a041da1ff3da45f174b8ad9bad90a0027055256a732e48c3453c76b3c8cca4e4528e70ea61b1b9b3974a088daba264e9ca8a7add58d62124447db89898926c33918a7338db8b8ae672c554de3f0a1e3549457535fd7444343139a26898eb663b19a1992964c46661aa9a9c92867f8613699c8488da7bad1475cb47fa0ee55fd02898e8bebd0568431a5c0e58a9e9a9edea297413dc7207374b4d56f92b3b3003852d9c685d9a7f33c1dabf6306fc1d93dc5325715bf7ee2798e1f2f47769677a79ddc712378ec67ffdde9eb4ffdf955d6afdb465b5bd72bdf8a22f8edef1fc2e94c3debf890d424aa9b2a1896eaef5279da1b40fbc01088b509a6009fea65501781e4bb5cc9482d62c61f00e9a3c72014937f714fca53d3af65755ea6ce987ad67b87a4a790929a8ccd66636cee709cce34e2e363888b8fc3a7aa78dc6eeaea1a29735533794ad7654ea64ccd65e7ce034c9f3981912387929494405cbc038bc54c4b732b6eb787b2b22acc26d339e200c870a67368c7e9e0c4a6f6b5c9e4cc084f74dd8e90ea6c069a409072126196a4ae3b6c3131a48d184ed98103d4b769c4479968766b7855c8ce3937f1e3830fdd1510bbd3674c60fa8cbe0fd69d4333d8ba71d3a9ff17d7f9504c26060f8bd090f72f2061a29ef67419a40b29fb373d1322864ef0ff16c7da43446a1abda424d85194b00d4426233d8d86b6d32127875dcd240dcd1c3855aaa418afa7395d7e69a9109102c99ae417c8ae62ff98f044b3ca90c1ddaf9c6fdb52c83d77fd846f7ff367ecdcb1bf5f3e6cfe7c1777def123be79cf63acfbb49362af67909696488bdb2f104d4acaeb3c38c7e6f6cb87b04230e6fd83077553bb2e0251ba2e061f96b8f6eda3f2c81114b389925a7f2acfc6368d2169ddd711adab6fc466b3525e5ecdfffdf2595caeca3efb71e1d45c6eb86909559527f8fd932f73f060d741878ed868dabc7e81b86a7df85449c290b473cabf4530667bac55b7f1ac3e2d8824623ac0274a8a79fd81fb78f13bffcd9a175e40f3a9202507cadb686a53494ee93e942cefe299dc79d7b500b8dd5ede797b759ffd31290af3e64f01406a928f3ffce242e0d958adfe2dc23e555258e24f149dffdcf3fce1fa6b59f7f717f076925d3da2504dba15560afa207d437171940752826d2710d49595f1af07eea3bea6f6d4312104769b953d25add82c82a4a4736b5f74c4f1e3a7ebc19ca8a9ef933fc78a5c343434b161fdf653c7aaaabb0f3ab49a042d1e8dc395a7c3eb3d6e0f9fbef22a65fbf671cdcffe37e859de83891042b7076ed005e23599b2915a44cc60adfacb9fa8afa9257d480ab77e6509174e1e8b23d61fd7d4d8d8c2fddf7f84d884aed713dc6e2f3ff9f11f387ca8f8d4b14993fa9638d266b7f2b3fbfe82a69d5e5b19352aabdbf3cc6613d183b378edd54790525274ccc55befe6b372f5260e6dddc6c6d75f63cecd615dc0ab4b8490ba0924e85d2c55d3d2836d23501cddb69db8b8587efdf8ff30ffa2a93862a3292b75a1692a0e47342d6ed96d80a2cd6661c9927998db37b34f9b3e9e458be7f6c99fb4b464aebe66e1a9ff3b9da97ce9aaeea32d142188778e02fc2d604e7606fff39d5bb8eecbfe6b9dcc1819b14839442f53416f414c422477b5332f9cb03b1c4c1e9b4342fce95090d75efc1b76bb9ddcc993494c4a60e488ee9fe0f3164ce3c2a9b9b4b5ba494ee97ed6ab2bbe72f3954c9b3e9eda13f54c98381abbbdfb099ca1ce14063bb3696a6aa270fb761293931939660c375ebf8837de5a89a69ebbf330c2e8593f3700045d2052c70fd35f1c8307d3d07476988f233e8eb8f8040eeddd4b7d635b8f6e5080d8d86862630393f07ae4c8ee45792631f183f874d50a2a4a8fa3692ad367cf61e49831a7c2576292c27ecf5a3788eea7120344d0bb5852ca88f935d2468ca4acf2ec41705cfc20d23232f8eabddfc21121f14c36ab15b3d5ca354b9792302891b8f6a29e15ed9f2d31439f32084144b7876ed005222062ea0638c78ea5c2554153f3e93a7a09090934b6a7010ae715f433315bcccc9ab780ec61c3686a6a243ec11fea7ee8500900e9a3c2b2da446fd0ed9e0afe2faed06d9f24ca6c2633369691f10964391c382ca149f799913b162925870e1d3f752c7e50028df57d9ba60d1566b309af4fa5a5b5159fd74b5c827f1c74f8a87f662d75d4c850ba1700a46e2be9411f830829adb28b38c52c8783ac58c75909dab21d50d9dac2febabaceea6a078584b421243933d9b1fb209326fa9fb2d3e7cc65fa9cb9689a76d6de8b70c66236a1fa543455257bf870e2da374bed2c3c8cc962c17941d8e60cef2142b72768d05b104d8a4e57a49cb1b1643be23acc5e38382a9a5109091d9c155c46cc9ac5a62d7bce39eef3f9305b222343bad96cc6ebf312eb7070ddcdb760b158385e5c4e457915d99327638d8e985e6f670c1c8120a4afa3c32621c876743de84d8d8ac6a1f38aefc899333976b484ea3356d301bc3e157384546832b7b72067b2798bbf70ec8899e1b755b80f74784f0583e00fd285e8309d6082cd86a90739a012edfad6e7708e1bc7a0214358b1faf3b38efb7ceaa9c5bffea06a1a2f3cf726f5f5679764f6f954de58f631b5b50dfdb661b198f19d2110a9493e58f11966ab8d3141ae93ae13ba0594057f1d440a8fe860a1d0dcc319218bce33474208265d7925efbdb98cebaf5988b9bdf08ccfe70b480b6252142e5f328f679f5986dbed257190838686664c26852f5f7b298306f57f2ad96452f0fa4e3f643fdfb21b576905175ef925a2e3f5efb60681812310055a3b1a66775754fe246d3d7c5f2099b0e832d6fde31fbcf19f75dcf45ffef2ed5e9f8a25002d08f8b7e8deffc057696e6ea5a6a68e848438e2e2fa9e63eb8b58cca75b9086c6669efbc77214938969d75e1b301b2146b7d87d1d56d2b5131dedb6adf77870ab2ab62e4a834929a96e6dedf4f560111517c765fffd5dfef9eb2728a969e0aeeb2e0e580b7226313151c4c44475ffc65e62369bf0f97c6cdd7d88df3fbd8caa121717dd761b89191901b715226af43214fc695e414d4733b5524a0ed6d7312eb1f345d1a2c6c690b42000e32eb91847e220fef3dbdfb0795d01372fbd226206e98a626279fe560ab7ed46319b99f7d5af32fba6a5a1762b6008d02d13b70e1d7c53a71fa6a6ad8ddd276acee96ea95272a8be9ee34d8d41f7ae2bb2264fe6ee679f63d445f378f6e97fe2f5f63c7de73b6fafa6cd1d98720752937cf4e17acacaaaba7daf4f55f960c506766ddd45e6f809dcf5d7bf3267e95722b6ce7b47c881d482a89a56d1d5fa5a4d5b1b27dc15c45badd84c26bc9a46bddb8daae302615758ec762ebdf75eaa8b8aa86deef9d870faf4f13cffcc9b8c9f309299b32662b5f67eba5ad324bb76ec67e5ca8d2cba6c16438674bfef6cd3e7bb282e2e236dc4086e7afc714c11d2eaf50681ecfb1ee65e127c81b8dd454a3711b0524aeac2782ba81082718b2ee5c3dffd8ee6965662a2bb1f370c494fe1de6fdfc4d62d7bf8d31ffe81dd6e63cc05c3c9c9c96068d6900ecb324b4de22aafa2e87009070e1471f8f071a64e1bcfbddfbe89a8a89e4d776fd8b81380098b160f48710048298eea652be8dfe0a5c387d7af292da903227a7e71e4cc597c207fcb679b0b59387f6af727e017d694a9b94c999a4b45450d5b0b0a79f3cd151cd877148fc7db3e488fa6b5b58de6e6167c3e95ecac0c468dc9e1c22963b9e3ab5fee30c5696778bd3e366d2e443199b8605ee0926b871b4291457ad9d2eb1153044cd2c95650887238c81c379ef7566eeeb140ce24353589cbaf98c7e557f86f5c9f4fa5a1c19f77372a3a8a3847748f5b89ce58b7613b2d2d2d0c9b3695981e14f68958a4a25b0ba2d72adc3e9dec0495b9b7dec6c15d7bf86cfbc17e5fcb6c369198184f767606a98313fb2d0e9faaf2e2ab1f00306769c86a5eea81a6592cfdff017a883e0211ecd2c54e90193a613c39174ee1e9e7dfa2d9a35b38508f78f5dfaba82caf64e4ac5938c78d0bb53bc1e448dee0c14dddbf2d30e893174b63a71e76f460c97df7d1545fcf13cfbe176a574eb163cf115efbd772ec31315cfacdce8b8a0e08a4bef7923e991585d8a1871d3d884b49e18afbeea760653ecf7fd07d2ad060e3aaa8e117bffa1b9aaab1e4befb894f0beb12f4fd460aa96b6f441781cccfc828064af4b0a5072367cde2927bbec1bf9f7d8965eb4237bcaaa96de4078f3e4d636d1db3962e65f4dcbea5178a24a4909fe9694fbf8972c167487a5716368c9976cd35f8dc6e5efaddd3b4b6dcce6d8b26f7eafc4fd616e0fec24afbb0e1990c1f7e6e69858e38e6aae227bf7c819ab272265eb698f9777cb557f623144d6df56ed4d3a06e0211c8f51231600402306be952acd1512cfbeb5f39bcf7200f7de36aecb6be6f76f3f97a1677b6f6f3429e7cf225dc2d2d8c5bb890c5dffbde800a25e9825d970e1fae6b82005dbe555978bdb598b93737da86bd00e0360da2d19a892432b6b07647f9c103bcf5b39f63359b78ec07779095796ee5a740a0691a7f7b6335fffed77b2025736fb99539b7dc72be8803107f5c9091f11d5d2d06f3e272ebf5293e2c0f23e5edc05965567dc24e65f4344a622ec1ab046e2f44a8686d68e0bd279ee0f8ceeda4a50ce2e107ef22332330429152f2eef2b57cb47a2345474ab145c7f05f3ffc21c3a74f0fc8f52305a1c92be66766beafabcd605dd8b3e5e69902ed2da0cb69158fe260dfa03b68b4447e0d3d2925af3ffc43bc152e14e963f6ac0bb9f1ba4b4f9524e80bc5a515fcf9a9d7a8aeaac455514fa2d3c9758f3d76aa0aef79445bac5092f4ac700b419ac5726fbd79ac40fb906ec40160d51ac9ad7d86686f79305cd11521044208e2e3a3f8edff2c4078eaf9ce7dbf62d3e7bd9f996c6e69e5efff788f1fffe48f2c9e91c6f45c7fbee629575d7d3e8a038158abb73820080291af5f6f5234ed75bed0a5ea0a93e66674fd2b0819f1499569acae21da6ec16a31b17461368f7c7d2e1faf58cb030ffe8eed3d28c7d6dcd2ca2baf7dc0ddf7fe14775d197f787021174d7662b7f9e753dcadcdc1fe08e18990ff0e85d980cf62a9c34c3722e87551bc685f19c9ee9d54d9233aa691e6da5a62334f4fd5a6265af8e1ed1772a0a4997fbdf511cfbef06f162f9acdf469e3481decdf4d2935c9a1a3c5ac59bb99b59f1430674a364f3e700989f1a7f357c544f9f79334d7745f406700e2332be690d46c08b840a41037f6f5dca4b61d112d90a69a6a5aeaeb49760c3be7b551ce181eb96b2aaeca4656161ce1e1f756d3e6f6121b6ba7baba81e4c4582eba3093df3db090c4f873f79b0ccff447e79616ee424a791ecd5c8140ac9a9396a6db26a93309c63ac894be9e18eb8ddcc5f68a438758fe9b5f23358d61a99d6fa84a1fece0b625a3b96dc9685adbbc549e682139318a187bd703f991594944d9cc941f3e42c15b6f31ed9a6b02fd11c2164dca7f85ca763004d2e7da0d1655b720cd80d074e20485ab57b17bc50a2a8ffab72864a6c5316342cfb28744d92d64a5f76ca866b79ab9f5aa893cb36c0b2b9f7e8a1dcbdf65fce225e45eb290d8c488a930d17b04f51e932227262b00000e4f494441547959e8cc0718efd6a5e548fab400e0511c6c1efc48a05d0a285eb79b03ebd7b37be50a8e6edd8ad44e4f2c8c1b3198fb6e9f45f2a0e0e5befd60dd215e7a673b4dadfe04128aa23062ea54c62dbe9c1133670ebc6db682a716a43b4316a21c78816c59ba1ae8be905e07d4594752987877803dea3f52d328debd8b5d2b56b0ef934ff09c91ab2b2ec6c64553b2c89b96c5e81c7d0a1fb5ba7dacdb7a9c959f1d61cf91d3994ea2e31ce45ebc9009972f6670ceb9e3a0484411ca9479e9e95b43653fe002f114dcf41d21c4effb72ee91b8ab298b9e136897facc899262f6e4af61f78a15d496979d3a2ecc6652c64d60ee8c51dc30d64c8c2934b9bb008a2b9b786b5b2deb3fdb474bf5e90c4bc9439d8cbb743113175f16b1e9468564ed7ca77341487d08f405e586eba37c56f30104bdaaf3e551e2d892f20334fd4a3f74485b53137bd7ae65f7ca9594ee29449e917ec8913d9cb4b9f3499d751116877fec10adb531d5738009dec3583b4e641f14dcc2c24eeb30b65947d124eca069d4eed94df9fa7c2a3fdf88e6f567893159cc0c9b7c21e3165dc6a8397350bac864197e88ab1664648474675a50e60a7d05375d218578077a168d2885c2de84af516b0b4d6930a9a91cdebc991d1f7ec8a14d9bd0ce48fc6c4f194ceaecf90c993d9fa8219d57b4b6492f13bc4798e43e8843062f5d6aadc9c136cb08f658b2f1888ec71bdec6062a3efb84f24f57d378ec740290d8c444c65f7619132e5d44a233eceb14ee9f9f9e31560811d2d5e3a04da6fb0a96de2e05cfd04db1130d3387e3afa332aacfb3c37dc6e771b3fdfd0fd8f4fabf68a83e9daccf1415cde0e9b3489b9347fce80b7ab5e6a02019e52de642cf41d2d4c02cea490445e634b65b8773d4dcbb12e18dc78a28ff6415151b3fc5db78bab48273ec054c587c396317e461d1b9c4448f10dcb620ddf972e8dd08229ead374d1552fc16e8ac28c5dafd09b7ecaeb64ffc5630fde88803ebd7f3e11f9ea4b9b60e00c562213177228367cf2365ca34144bffcbe025a90d8cf11d67a4b79444ad77753f2402972989831627072c99fe6e543f903e1fd5db3653fe693e353b4fcfbe59a2ec644f98c8057917336ace1c2c36ddcaff75c501999e919b2744c83363e8b21cebde72e305428a4b05220b402a14498d15b6a9afeefba8bc3cc6a6fa8e0083f5f0c5d3d2c28a3fff999d2b3e06c09e944cf6d53790327d16e6a8e085dd3bb416b27c150cd66a4951eb71c8566cd28355fa681356dcc242ade2a04a89a7c2348862732a6d9d57afeb179eba5a2a36aca56c5d3ecd25c5a78ec7c4c731e7d6dbb8f04b578574a55e206e9a9f91f15ac81c3883b0885758e32afe0eb26f335fbdc1d3d2c2bf1e7a88d2bd7b502c16b2afbe81ccc55f42095155dd70a0a5ac849a1ddba8fc7c030d87fcc1942367cce0ea1fff18b33524adc9d6f9e919d3423df638495808245f4ab3282ddd862068099d7c1e37af3ef82025bb77e3c8cae6827bbe478cf3fc0b1bef8aba7d7bd8ffc253b494973272e64cae7deca7bab7244268f3e7a70ffd4457a35da06f7db34ec813c22785f87e306dac79fe794a76ef2661cc3826ffe81786383a2061cc58a63cf6388e612338b871235bdf7d4757fb125e0b277140980804202f236325f06e30ae5d7dec1805efbc4bc2f0114cbcff614ce1386b132698a36218f7ed0730dbed7cfaf2cb785a74dba3d46411caffd3cb584f091b81009855ed9b405da0affbf91b6f20908cbefb3b28fdd8fe7abe604f4e21fd92c5b4363450989faf8b4d29f8f1dcf4f4e3ba18eb05612590b94387ba04e2e1405ed3e771b3f7d34f48993a93e82161bf3816360c9ee9cf425f98bf3af8c6249bab8664fc31f8867a4f580904605e7afa532002d60f3db07e3d9e961692a7874f8c5724103b340b7b4202ae3d7bf0b605b5a8ac5b91f2ae1b84085d405b17849d4084109a94f266a03610d73bb87113268b85a40991bb533114082188bf6002aacf47f5f120f67c240fcdcbcc0cdbe4e6612710803ca7b3444a0212f75e75f4088e612330d9035f6e79a0638d8b03c01dbc81fa8af919194f06ebe281202c050290e774be01fcbd3fd75055959a9212a2d23a0f3234e81ca5fda1e20d8a4044b9e2f5dd2e84088f6aad9d10b60201901eef3705f4b9c6406d71099acf4774aa2190be60b6f9a7c383d082f83445bb695e767659f76f0d2d612d90bc9c9c369f50aea58f85e31b6afcbbedec830776cd8c607172bdc8dd12d85c5c52f0c0c54332d706f4a24122ac050270497afa314d7213026f6fcf6da9f347d05a2374475da831b547f67a5a02b7bf450a5ecc4b7786f5b8e34cc25e2000173b9dab90e29ede9ed7dae0cf946f8989fce4d8a1c0d4dec5f2b4f6bd8b25d048f01c64706b0109ee83db5a9b5b7bfd3b8692884981b12023e36f6b5d25c3a4a4c70b89ad0dfe16c41c1dbc2c230319e5d418a46f2d885dad614cdd3f88399def6c722ebc2a37de7c8798f9cfde6d90091111d1829c64de908c47103cd5d3f7b735f9f36c99a36383e6d340c61ce59fc5f234f77e0c22a4fa45719ce4cbaa45fb5dffbdd3878812881042ce1f92f12d897cbe27eff779dca0284670621f516ced02e943c2ec78cfe18ec40180843be4a6db92fae59c4e449440c02f92aa74e73d12badd71a6797d28a6e0ecca3b1f383948efcb2c96b5eb2dc68a4771f76e737d8888388100dc20845a959e7133c817ba7a9feaf5a2982329cd4d78616e6f79fbd2c56a35257555f0a5d56ab51eeda35bba12910201bf48e6a73bef92c83f77f61e9fcf8b1868a93875e464d7b40fd3bc075b6dc367006f76fcb2f8b998f87244143a89588180bfbb959791f96d21e4f78073f630fb5b1043207dc564b52184c0ddda738108c1268bc93c776e7afa71b357f99a80bf71fab76905f123f361efff05c5e1203020ee9ef9e999bfcf2f292915829780535189aacf6708a43f280a8ac5da8b695ef1560ce296a969692d00ed53b95f931baebfdf6351d2ad56ebd14869394e3260ee9e3ca7f38d7c97ab5c48b90c641af85b10a38bd53fcc763b9ec606a4a622944ec77312c9e3f333d21fee281b8998bdec041091a5b122ba8bf545f2d2d3d79955750ab0018c2e562030d9a39052e2e97cd354a394dcb0c0e9fc61b8a4ea0924034a20e0dfb69b52579f07e20f9aaa2255edac04d406bde3d46a7a7387e1263b35c4b4f6ad09039201271080dcdc5ccf828c8cefd6baca0e36bb4a683a76a457e72faf2ca5a835b2aa5d75459ba6b2baba6f91e5a766b2ce168844f24cac50665d9c91d17de9de0866400ae424eee6e623003b9ef8a92cfb64758f5b92232d8d54ba83ba0f5b576a3c6e3eeeab404eb620a757d34b34a15dbec0e9bc271475cbf566400b04c4b78175dea646b1efb93fb1fd973fa1a5bc34d44e4514cae9907789e419bb3d2af7e2f4a11f85d82ddd18d002f9a8b0f0d047857be701b7033575fb76b3f9a1ef71f8f597d1bcbdde5e725e7272357debf2f71f59e074de3333292922a27003c58016483bf2a3c2bd2fa1315e20dfd05495e3ff798bcd3ffa3e559b3f3306f09da079ddb8567f4cdd9e5d1ac0c1756b23b746773f386fe6403fdabbb70cb87ed1b831570a297edd52ee1abdfb8fbf222e670439d77f85c471465a2000f7891a5cab3fa264f547d2d7d428f03f445d42983f0db56fa1e0bc8be43b5c597d203377dcd3a696a6528198eaae3be1a858bf96dadd3b884a4dc39e3c98cfebaa71daa3c9b00f8c8d568d3e2f9fd755b330b9e3005a2955ea0a777378d9cb1cf8dbd3b26e5fa1d03c1e211047103c1617d778fb3b5b0f55eaec76581016e50f42c582dcdc58bb90f74b29ef03620112c6e4b26bc278c6cc9ac7f4a48191eca1b4ad853f16ede3f131179e3a26a5a4f1f0012a367e4ad5a6f5b8ebeb4fbd04ac1642fe65e6ee7d6f3fda418cdbf9c4792d90935c3e79448af45abf25a5f64d108301445c9ccc5ab0480cc95b843d499ffae7c1e2a4407e397a328d4587a92ed844d5c6f5b4549d15917e42c08b98b4bf7eb873ff805edbe80d8640ce604176b6dd1663bf55b3587fa878bdd9000885a40993489e3c9de4c953b00e8a888d70a7d0bc1e0eefdace864f5732aaa888b69ab33228b981e552e36593d7fbc107870eb943e466d86208a463c4e2dc318b34296e1182ab69ef7e21048eac1c92274f2369f2541c43734009b389404da3a9e438270a7750bb7b27f5fbf7a07acebaef3d20f2417bd3ac58de58be6b574072200f542256203fd8bcf372018f4bb800289652fee68969139e22c0a92caf9fe58caa6f745c25244b81c5c0a9c27d269b5dc666e50847d6301c39c371640f233add89d05134dec67a1a8b8ed070e800f5870ed070e800be2fee2117a2494ab94208de729b6defadd9be3de03558062a1129900737ef582a11af7cf1b844fcea8969e38356a5e8aad1a31d6e8b324f68728114220f98c41766024d562b512983b1240cc23628a9fd2f115b623216472c8ac58a62b6a2d82c28662b26ab0dc56a0614348f0700cdd386eaf32f64aaad6d68aa0f6f43039ec67a3c75b5b8abab697695d05c7afcacdae767a009d82aa5fc5831f171a53566c3962d5b8c95d13e107102b9bba0c03248da5c203b1a396b9aaa8ef9d5ccc907f5f065c1a44909566fdb45023109c8953056c06840ef32568dc0e720d683f84cb5b77eb672cb91fa6ecf32e896885b281ca49947213a140780a228e619802e0269efaabcd7fe07c082050bccd61ad70845b38cd250d304a48192020c0199aa984c294228d14251cc9aa63a002135cd2a35cd0260329b5ba47faa15a4d434558d0510826a091540b990944ad82b852c4491851fefdc5fc4c9730c024ac409446aa25e74b1bc2945d7f96682cd9a356b7cc0bef63f830827cca660bae78999134b80551dbd26a158b376fc9a81415f88388100089f7a17f085c52c512d24b7fc7ae2c4884a0a6010de44dc20fd24dfdfb021ca6a8db94348315642b149152ffe62e6f88a50fb65606060606060606060606060606060606060606060606060606060606060606060606060606060606060606060606060606060606060606060606060606060606060606060d039ff1f6cc7718e7c96bada0000000049454e44ae426082);

-- --------------------------------------------------------

--
-- Table structure for table `users`
--

CREATE TABLE `users` (
  `id` int(10) UNSIGNED NOT NULL,
  `username` varchar(25) NOT NULL,
  `password` varchar(15) NOT NULL,
  `division` varchar(25) NOT NULL
) ENGINE=InnoDB DEFAULT CHARSET=latin1;

--
-- Dumping data for table `users`
--

INSERT INTO `users` (`id`, `username`, `password`, `division`) VALUES
(1, 'admin', 'admin', 'Admin');

--
-- Indexes for dumped tables
--

--
-- Indexes for table `allowance`
--
ALTER TABLE `allowance`
  ADD PRIMARY KEY (`emp_id`);

--
-- Indexes for table `employee`
--
ALTER TABLE `employee`
  ADD PRIMARY KEY (`emp_id`);

--
-- Indexes for table `users`
--
ALTER TABLE `users`
  ADD PRIMARY KEY (`id`);

--
-- AUTO_INCREMENT for dumped tables
--

--
-- AUTO_INCREMENT for table `users`
--
ALTER TABLE `users`
  MODIFY `id` int(10) UNSIGNED NOT NULL AUTO_INCREMENT, AUTO_INCREMENT=2;
COMMIT;

/*!40101 SET CHARACTER_SET_CLIENT=@OLD_CHARACTER_SET_CLIENT */;
/*!40101 SET CHARACTER_SET_RESULTS=@OLD_CHARACTER_SET_RESULTS */;
/*!40101 SET COLLATION_CONNECTION=@OLD_COLLATION_CONNECTION */;
